city,var,rho,p,n_eff,rho_partial,p_partial,rho_heating,p_heating
Almaty,T,-0.46058850646669086,1.7998004725907832e-18,325,0.2691802115949068,1.0424503398231257e-15,-0.3753648390383523,0.0007686610101933655
Almaty,W,-0.04435748856078042,0.2544138295491241,662,-0.07013976097532888,0.020507288115519853,0.1739699283310184,0.03909840769876625
Almaty,RH,-0.2240649331214265,4.035119861131273e-07,501,-0.18617548378546514,7.275994771625035e-09,-0.4033736335399111,2.882651246609673e-05
Almaty,BLH,-0.1668538060362694,0.00014237053549115858,515,0.051081707784059766,0.11562661173833083,-0.20999794757073328,0.009413032529764527
Bishkek,T,-0.4963829149034903,6.572269920424707e-25,378,0.1542994758294639,7.992175517578767e-06,-0.3683471907245366,5.966496708647409e-05
Bishkek,W,-0.1355249143003156,0.00013972701783222924,785,-0.16047681811466777,8.173579959229202e-08,-0.18735331533289523,0.008382046808364057
Bishkek,RH,-0.17696489431996956,4.4797243630027615e-05,526,-0.13097036591759176,9.849855818168907e-05,-0.31720812672523085,0.0001501406503414867
Bishkek,BLH,-0.21909381735794412,1.513163911881374e-07,563,0.03940927656536613,0.23419689853382958,-0.16511555290555463,0.019159233855310827
Tashkent,T,-0.4270781631734055,2.6251152413099343e-15,313,-0.06948717320025018,0.08690872363637502,-0.21607797858086342,0.019290978231796433
Tashkent,W,-0.1613203187575856,9.78700576932363e-06,744,-0.06238311439362877,0.05090144353107805,-0.06934883074239527,0.3160666945939243
Tashkent,RH,0.09790138015942122,0.06539822275168865,355,0.048678323179188875,0.22131977422109544,0.014418936189697163,0.875268417269246
Tashkent,BLH,-0.4131956692808067,5.706957454278207e-21,474,-0.3928423805169783,8.256238787200985e-27,-0.5199855362018648,5.957005546109177e-13
