,Almaty,Bishkek,Tashkent
blh_now,0.025370379436693527,0.029079768376270094,0.04582598296868486
blh_t,0.03911278103957169,0.04865743324660676,0.08668268499982874
dow_t,0.05229125866650787,0.029488512353638082,0.03530625074424484
heating_t,0.0,0.0025479030068218935,0.0
hour_t,0.12906769610102456,0.06845007781465368,0.058697572960933156
month_cos,0.045282624429285205,0.02755282076721908,0.01510665047771215
month_sin,0.04097412792874381,0.015016113174439792,0.06653172231469436
pm_lag0,0.014273690352517555,0.12988052293042968,0.13530480028987746
pm_lag1,0.03107906041658764,0.02364261197765606,0.04791601278924485
pm_lag12,0.021934055726095657,0.03482095459606037,0.022342160382256206
pm_lag2,0.0177660033880991,0.023259777156019464,0.01997846184841075
pm_lag24,0.01334109625392223,0.019937831224335064,0.016681947184220988
pm_lag3,0.019775372120978935,0.01837941098253897,0.014208478062576545
pm_lag48,0.037215204245929494,0.028651279160063863,0.02406205425773757
pm_lag6,0.022533641433753623,0.02355919896289964,0.024136711328161163
pm_max24,0.05874497820036378,0.05395452983284261,0.05433696265674029
pm_mean24,0.046893711247205476,0.06989460425018164,0.05202047262885329
pm_std24,0.07518803811680737,0.06891186890980473,0.048919134526342146
rh_now,0.03560877619572784,0.04990096146690763,0.04736044443692751
rh_t,0.06002797243866375,0.05649534786979078,0.04387012146123362
temp_c_now,0.06412266890274716,0.052845610541356135,0.033310107406522536
temp_c_t,0.10242012303457217,0.046500246430488924,0.05354571341843412
wind_now,0.02177339611164439,0.028167511547743024,0.02394844207261181
wind_t,0.02520334421255717,0.05040510342123205,0.029907110783751047
