train,test,rmse,mae,r2,skill
persistence,Almaty,59.922235441065226,42.346055979643765,0.15243704928529245,
Almaty,Almaty,89.26116592572043,64.52224483384077,-0.8807066557248047,-0.4896167552612529
Bishkek,Almaty,97.64603518032187,72.74541888649314,-1.2506355718883437,-0.629545935020378
Tashkent,Almaty,88.17132952593165,62.9397708639208,-0.8350619490523477,-0.4714292428667819
persistence,Bishkek,108.33233759493127,67.31389365351629,-0.29851472932241685,
Almaty,Bishkek,113.5137739096022,67.49624096338412,-0.4256987753518271,-0.04782908252238571
Bishkek,Bishkek,120.55335588747012,75.42345812619754,-0.6080119073072263,-0.11281043651282441
Tashkent,Bishkek,112.43997451309467,66.27148400191969,-0.3988531603675505,-0.03791699698683115
persistence,Tashkent,30.26727033431208,23.493692178301092,-0.19564564369086201,
Almaty,Tashkent,46.505768792394385,38.252230057075046,-1.8227318963412835,-0.5365035656906845
Bishkek,Tashkent,54.57334198586473,47.13119827970132,-2.887022679990446,-0.8030480245851044
Tashkent,Tashkent,42.43702870302869,34.0060787343882,-1.3504223674703049,-0.4020765081983797
